{"commit":"a8e3802239d122e2e5afdfbb72a575edaf7d2409","pagesAndArtboards":{"E961A14F-EFF1-4256-AF92-4C12121C29E9":{"name":"Page 1","artboards":{"65A42243-1C98-4231-AE03-70CD2A3300B7":{"name":"New Doc Artboard"}}}},"version":131,"fonts":["Biotif-SemiBold"],"compatibilityVersion":99,"app":"com.bohemiancoding.sketch3","autosaved":1,"variant":"NONAPPSTORE","created":{"commit":"a8e3802239d122e2e5afdfbb72a575edaf7d2409","appVersion":"68.1","build":102560,"app":"com.bohemiancoding.sketch3","compatibilityVersion":99,"version":131,"variant":"NONAPPSTORE"},"saveHistory":["NONAPPSTORE.102560"],"appVersion":"68.1","build":102560}